{
  "employees": [
    {
      "id": 1,
      "name": "Bartolemo Lucas",
      "salary": 3800,
      "role_id": 9
    },
    {
      "id": 2,
      "name": "Sande Clift",
      "salary": 9200,
      "role_id": 10
    },
    {
      "id": 3,
      "name": "Dunc Grazier",
      "salary": 5000,
      "role_id": 6
    },
    {
      "id": 4,
      "name": "Alex Gladwin",
      "salary": 8800,
      "role_id": 4
    },
    {
      "id": 5,
      "name": "Svend Erdely",
      "salary": 3400,
      "role_id": 5
    },
    {
      "id": 6,
      "name": "Derry Saile",
      "salary": 10000,
      "role_id": 4
    },
    {
      "id": 7,
      "name": "Ileana Lanfere",
      "salary": 5000,
      "role_id": 3
    },
    {
      "id": 8,
      "name": "Caro Essberger",
      "salary": 3800,
      "role_id": 7
    },
    {
      "id": 9,
      "name": "Talbert MacCosto",
      "salary": 2600,
      "role_id": 3
    },
    {
      "id": 10,
      "name": "Osmund Winters",
      "salary": 8600,
      "role_id": 5
    },
    {
      "id": 11,
      "name": "Steffen Flanders",
      "salary": 2200,
      "role_id": 8
    },
    {
      "id": 12,
      "name": "Elmore Kinch",
      "salary": 4400,
      "role_id": 1
    },
    {
      "id": 13,
      "name": "Tremain Kilgrove",
      "salary": 3200,
      "role_id": 8
    },
    {
      "id": 14,
      "name": "Danny Wheeler",
      "salary": 2800,
      "role_id": 10
    },
    {
      "id": 15,
      "name": "Dov Abramamovh",
      "salary": 2000,
      "role_id": 2
    },
    {
      "id": 16,
      "name": "Michelle Beden",
      "salary": 6400,
      "role_id": 8
    },
    {
      "id": 17,
      "name": "Dar Jordine",
      "salary": 9600,
      "role_id": 10
    },
    {
      "id": 18,
      "name": "Basilius Chapelhow",
      "salary": 3400,
      "role_id": 6
    },
    {
      "id": 19,
      "name": "Cecil O'Neal",
      "salary": 8200,
      "role_id": 5
    },
    {
      "id": 20,
      "name": "Luisa Dove",
      "salary": 4200,
      "role_id": 3
    },
    {
      "id": 21,
      "name": "Markos Casburn",
      "salary": 7800,
      "role_id": 6
    },
    {
      "id": 22,
      "name": "Jo ann Croan",
      "salary": 6600,
      "role_id": 2
    },
    {
      "id": 23,
      "name": "Boone Ashwood",
      "salary": 2200,
      "role_id": 8
    },
    {
      "id": 24,
      "name": "Heidie Parnall",
      "salary": 6000,
      "role_id": 6
    },
    {
      "id": 25,
      "name": "Mayor Foucar",
      "salary": 2200,
      "role_id": 7
    },
    {
      "id": 26,
      "name": "Dex Fabb",
      "salary": 8400,
      "role_id": 10
    },
    {
      "id": 27,
      "name": "Mikaela Fenna",
      "salary": 9400,
      "role_id": 9
    },
    {
      "id": 28,
      "name": "Phyllida Benezeit",
      "salary": 7800,
      "role_id": 9
    },
    {
      "id": 29,
      "name": "Seline Greenly",
      "salary": 8200,
      "role_id": 10
    },
    {
      "id": 30,
      "name": "Marlane Cardon",
      "salary": 9200,
      "role_id": 5
    },
    {
      "id": 31,
      "name": "Lizzy Blackbrough",
      "salary": 3200,
      "role_id": 6
    },
    {
      "id": 32,
      "name": "Karl Willis",
      "salary": 2600,
      "role_id": 10
    },
    {
      "id": 33,
      "name": "Emelda Althorp",
      "salary": 3800,
      "role_id": 6
    },
    {
      "id": 34,
      "name": "Wendi Grisbrook",
      "salary": 5000,
      "role_id": 6
    },
    {
      "id": 35,
      "name": "Tristan Channer",
      "salary": 7600,
      "role_id": 3
    },
    {
      "id": 36,
      "name": "Caritta Ellissen",
      "salary": 9000,
      "role_id": 7
    },
    {
      "id": 37,
      "name": "Mirabella Stokoe",
      "salary": 6400,
      "role_id": 4
    },
    {
      "id": 38,
      "name": "Charles Steeden",
      "salary": 4400,
      "role_id": 9
    },
    {
      "id": 39,
      "name": "Hortense Radborn",
      "salary": 6200,
      "role_id": 6
    },
    {
      "id": 40,
      "name": "Leontine Sparsholt",
      "salary": 3000,
      "role_id": 5
    },
    {
      "id": 41,
      "name": "Diego Sorby",
      "salary": 8600,
      "role_id": 2
    },
    {
      "id": 42,
      "name": "Caprice Lowerson",
      "salary": 7000,
      "role_id": 6
    },
    {
      "id": 43,
      "name": "Giavani Codlin",
      "salary": 3600,
      "role_id": 6
    },
    {
      "id": 44,
      "name": "Tam Lumsdale",
      "salary": 3800,
      "role_id": 2
    },
    {
      "id": 45,
      "name": "Kettie Cuppitt",
      "salary": 5200,
      "role_id": 5
    },
    {
      "id": 46,
      "name": "Fredrika Vasilkov",
      "salary": 6800,
      "role_id": 7
    },
    {
      "id": 47,
      "name": "Rodney Morigan",
      "salary": 7000,
      "role_id": 4
    },
    {
      "id": 48,
      "name": "Gannie Andriveau",
      "salary": 9000,
      "role_id": 4
    },
    {
      "id": 49,
      "name": "Charmaine Brockie",
      "salary": 9600,
      "role_id": 7
    },
    {
      "id": 50,
      "name": "Ursulina Dible",
      "salary": 8000,
      "role_id": 5
    },
    {
      "id": 51,
      "name": "Peyter Hugnot",
      "salary": 6400,
      "role_id": 5
    },
    {
      "id": 52,
      "name": "Maurie Townsend",
      "salary": 5400,
      "role_id": 8
    },
    {
      "id": 53,
      "name": "Ingamar Garland",
      "salary": 2800,
      "role_id": 5
    },
    {
      "id": 54,
      "name": "Willard Daintith",
      "salary": 7800,
      "role_id": 5
    },
    {
      "id": 55,
      "name": "Neall Willetts",
      "salary": 3600,
      "role_id": 11
    },
    {
      "id": 56,
      "name": "Arel MacGarrity",
      "salary": 7800,
      "role_id": 4
    },
    {
      "id": 57,
      "name": "Toma Keizman",
      "salary": 7200,
      "role_id": 8
    },
    {
      "id": 58,
      "name": "Lillis Bubbings",
      "salary": 6400,
      "role_id": 12
    },
    {
      "id": 59,
      "name": "Ines Ather",
      "salary": 9400,
      "role_id": 4
    },
    {
      "id": 60,
      "name": "Elinor Josskoviz",
      "salary": 6800,
      "role_id": 7
    },
    {
      "id": 61,
      "name": "Dasha Gerbl",
      "salary": 6000,
      "role_id": 8
    },
    {
      "id": 62,
      "name": "Ronnica Forseith",
      "salary": 4800,
      "role_id": 2
    },
    {
      "id": 63,
      "name": "Laurette Hamp",
      "salary": 6200,
      "role_id": 6
    },
    {
      "id": 64,
      "name": "Andre Dibdin",
      "salary": 7600,
      "role_id": 3
    },
    {
      "id": 65,
      "name": "Hobart Costigan",
      "salary": 4400,
      "role_id": 8
    },
    {
      "id": 66,
      "name": "Roth Glancy",
      "salary": 7600,
      "role_id": 7
    },
    {
      "id": 67,
      "name": "Rosina Cavell",
      "salary": 5000,
      "role_id": 12
    },
    {
      "id": 68,
      "name": "Rheba Izhak",
      "salary": 4400,
      "role_id": 4
    },
    {
      "id": 69,
      "name": "Vincenz Domnick",
      "salary": 9600,
      "role_id": 4
    },
    {
      "id": 70,
      "name": "Maurizio Larner",
      "salary": 5200,
      "role_id": 7
    },
    {
      "id": 71,
      "name": "Kerry Wittke",
      "salary": 9400,
      "role_id": 4
    },
    {
      "id": 72,
      "name": "Garnet Blacklock",
      "salary": 4600,
      "role_id": 8
    },
    {
      "id": 73,
      "name": "Jaynell Wintour",
      "salary": 6600,
      "role_id": 4
    },
    {
      "id": 74,
      "name": "Kathy Brumhead",
      "salary": 7400,
      "role_id": 1
    },
    {
      "id": 75,
      "name": "Fran Synder",
      "salary": 7800,
      "role_id": 7
    },
    {
      "id": 76,
      "name": "Ianthe Walthew",
      "salary": 3400,
      "role_id": 1
    },
    {
      "id": 77,
      "name": "Dennie Unwin",
      "salary": 9400,
      "role_id": 4
    },
    {
      "id": 78,
      "name": "Laurice Dearden",
      "salary": 7800,
      "role_id": 8
    },
    {
      "id": 79,
      "name": "Jerome Bedwell",
      "salary": 4000,
      "role_id": 11
    },
    {
      "id": 80,
      "name": "Bethanne Oglevie",
      "salary": 9400,
      "role_id": 6
    },
    {
      "id": 81,
      "name": "Virginia Limbert",
      "salary": 4200,
      "role_id": 7
    },
    {
      "id": 82,
      "name": "Edgardo Burrus",
      "salary": 2800,
      "role_id": 8
    },
    {
      "id": 83,
      "name": "Muffin Pendrey",
      "salary": 9400,
      "role_id": 4
    },
    {
      "id": 84,
      "name": "Durward Iglesiaz",
      "salary": 6000,
      "role_id": 12
    },
    {
      "id": 85,
      "name": "Tristan Deeks",
      "salary": 3200,
      "role_id": 4
    },
    {
      "id": 86,
      "name": "Calla Mac",
      "salary": 9600,
      "role_id": 6
    },
    {
      "id": 87,
      "name": "Adele Baldacchi",
      "salary": 6800,
      "role_id": 8
    },
    {
      "id": 88,
      "name": "Latia Dowthwaite",
      "salary": 3800,
      "role_id": 7
    },
    {
      "id": 89,
      "name": "Marabel Wale",
      "salary": 9800,
      "role_id": 8
    },
    {
      "id": 90,
      "name": "Dee Mungan",
      "salary": 7000,
      "role_id": 5
    },
    {
      "id": 91,
      "name": "Roderic Abelovitz",
      "salary": 5400,
      "role_id": 5
    },
    {
      "id": 92,
      "name": "Jeanelle Di Lucia",
      "salary": 8600,
      "role_id": 5
    },
    {
      "id": 93,
      "name": "Costa Yushkov",
      "salary": 7600,
      "role_id": 9
    },
    {
      "id": 94,
      "name": "Novelia Tynnan",
      "salary": 6800,
      "role_id": 6
    },
    {
      "id": 95,
      "name": "Neddy Dickman",
      "salary": 2800,
      "role_id": 5
    },
    {
      "id": 96,
      "name": "Charisse Witling",
      "salary": 8400,
      "role_id": 7
    },
    {
      "id": 97,
      "name": "Gar Van Arsdall",
      "salary": 6000,
      "role_id": 8
    },
    {
      "id": 98,
      "name": "Randi Brugman",
      "salary": 7000,
      "role_id": 11
    },
    {
      "id": 99,
      "name": "Carmela Lashford",
      "salary": 5000,
      "role_id": 4
    },
    {
      "id": 100,
      "name": "Dory Rackstraw",
      "salary": 5400,
      "role_id": 3
    },
    {
      "id": 101,
      "name": "Kirbie Perrottet",
      "salary": 8600,
      "role_id": 9
    },
    {
      "id": 102,
      "name": "Birch Wille",
      "salary": 8600,
      "role_id": 9
    },
    {
      "id": 103,
      "name": "Simona Fallens",
      "salary": 9800,
      "role_id": 10
    },
    {
      "id": 104,
      "name": "Rosita Thireau",
      "salary": 3800,
      "role_id": 10
    },
    {
      "id": 105,
      "name": "Rossie Rozanski",
      "salary": 4200,
      "role_id": 6
    },
    {
      "id": 106,
      "name": "Sullivan Hiner",
      "salary": 9200,
      "role_id": 2
    },
    {
      "id": 107,
      "name": "Nanni Quogan",
      "salary": 4800,
      "role_id": 7
    },
    {
      "id": 108,
      "name": "Shirlene Masey",
      "salary": 7600,
      "role_id": 7
    },
    {
      "id": 109,
      "name": "Jeannie Maureen",
      "salary": 5000,
      "role_id": 8
    },
    {
      "id": 110,
      "name": "Gilberte Knutsen",
      "salary": 2000,
      "role_id": 4
    },
    {
      "id": 111,
      "name": "Alic Turnock",
      "salary": 2200,
      "role_id": 11
    },
    {
      "id": 112,
      "name": "Jemmy Bamber",
      "salary": 6200,
      "role_id": 3
    },
    {
      "id": 113,
      "name": "Katinka Anthona",
      "salary": 6800,
      "role_id": 1
    },
    {
      "id": 114,
      "name": "Chantalle Hansford",
      "salary": 5200,
      "role_id": 6
    },
    {
      "id": 115,
      "name": "Phillie Salvati",
      "salary": 4800,
      "role_id": 1
    },
    {
      "id": 116,
      "name": "Cynde Boumphrey",
      "salary": 6600,
      "role_id": 7
    },
    {
      "id": 117,
      "name": "Jarret Salandino",
      "salary": 4000,
      "role_id": 6
    },
    {
      "id": 118,
      "name": "Sibeal Harberer",
      "salary": 8200,
      "role_id": 9
    },
    {
      "id": 119,
      "name": "Lucine Jenson",
      "salary": 3000,
      "role_id": 9
    },
    {
      "id": 120,
      "name": "Elinor Bagenal",
      "salary": 8000,
      "role_id": 9
    },
    {
      "id": 121,
      "name": "Linnie Sikorsky",
      "salary": 2000,
      "role_id": 4
    },
    {
      "id": 122,
      "name": "Drugi Pynn",
      "salary": 6400,
      "role_id": 9
    },
    {
      "id": 123,
      "name": "Jeffrey Stowell",
      "salary": 9000,
      "role_id": 1
    },
    {
      "id": 124,
      "name": "Rudd Orchard",
      "salary": 6600,
      "role_id": 2
    },
    {
      "id": 125,
      "name": "Niki Jaksic",
      "salary": 8800,
      "role_id": 9
    },
    {
      "id": 126,
      "name": "Florrie Missen",
      "salary": 10000,
      "role_id": 5
    },
    {
      "id": 127,
      "name": "Lionel Wynne",
      "salary": 6600,
      "role_id": 10
    },
    {
      "id": 128,
      "name": "Gail Giotto",
      "salary": 7800,
      "role_id": 7
    },
    {
      "id": 129,
      "name": "Sallee Farnfield",
      "salary": 6400,
      "role_id": 3
    },
    {
      "id": 130,
      "name": "Peyton Bolton",
      "salary": 2600,
      "role_id": 6
    },
    {
      "id": 131,
      "name": "Kerwin Houston",
      "salary": 4000,
      "role_id": 2
    },
    {
      "id": 132,
      "name": "Pearl Wellwood",
      "salary": 5200,
      "role_id": 4
    },
    {
      "id": 133,
      "name": "Elena Kenneway",
      "salary": 9800,
      "role_id": 3
    },
    {
      "id": 134,
      "name": "Mada Harron",
      "salary": 5000,
      "role_id": 10
    },
    {
      "id": 135,
      "name": "Evie McKeand",
      "salary": 7200,
      "role_id": 3
    },
    {
      "id": 136,
      "name": "Eloise Duer",
      "salary": 4000,
      "role_id": 3
    },
    {
      "id": 137,
      "name": "Charo Borgesio",
      "salary": 6600,
      "role_id": 12
    },
    {
      "id": 138,
      "name": "Shelton Arthan",
      "salary": 3600,
      "role_id": 2
    },
    {
      "id": 139,
      "name": "Gaven Matisoff",
      "salary": 4200,
      "role_id": 9
    },
    {
      "id": 140,
      "name": "Flori Battlestone",
      "salary": 10000,
      "role_id": 8
    },
    {
      "id": 141,
      "name": "Evangeline Damsell",
      "salary": 3000,
      "role_id": 7
    },
    {
      "id": 142,
      "name": "Mallissa Klemensiewicz",
      "salary": 6600,
      "role_id": 9
    },
    {
      "id": 143,
      "name": "Trever Corballis",
      "salary": 7000,
      "role_id": 4
    },
    {
      "id": 144,
      "name": "Ivar Dyter",
      "salary": 9600,
      "role_id": 6
    },
    {
      "id": 145,
      "name": "Trudy Sorrie",
      "salary": 6400,
      "role_id": 6
    },
    {
      "id": 146,
      "name": "Slade Chewter",
      "salary": 9200,
      "role_id": 9
    },
    {
      "id": 147,
      "name": "Glory Powis",
      "salary": 4200,
      "role_id": 8
    },
    {
      "id": 148,
      "name": "Kori Jordanson",
      "salary": 5000,
      "role_id": 11
    },
    {
      "id": 149,
      "name": "Marji Giaomozzo",
      "salary": 7800,
      "role_id": 2
    },
    {
      "id": 150,
      "name": "Rita Mc Caughen",
      "salary": 4400,
      "role_id": 8
    },
    {
      "id": 151,
      "name": "Broddy Ulrik",
      "salary": 7200,
      "role_id": 9
    },
    {
      "id": 152,
      "name": "Cherye Braine",
      "salary": 2800,
      "role_id": 6
    },
    {
      "id": 153,
      "name": "Angil Schurcke",
      "salary": 4400,
      "role_id": 3
    },
    {
      "id": 154,
      "name": "Evangelia Wardley",
      "salary": 7400,
      "role_id": 6
    },
    {
      "id": 155,
      "name": "Renard Kennet",
      "salary": 2800,
      "role_id": 3
    },
    {
      "id": 156,
      "name": "Gianna Harbor",
      "salary": 2400,
      "role_id": 4
    },
    {
      "id": 157,
      "name": "Chen Mc Comb",
      "salary": 8600,
      "role_id": 5
    },
    {
      "id": 158,
      "name": "Cal Mullen",
      "salary": 8800,
      "role_id": 4
    },
    {
      "id": 159,
      "name": "Minnaminnie Greste",
      "salary": 6600,
      "role_id": 8
    },
    {
      "id": 160,
      "name": "Kalina Boycott",
      "salary": 10000,
      "role_id": 4
    },
    {
      "id": 161,
      "name": "Nichols Dellenbrook",
      "salary": 7400,
      "role_id": 6
    },
    {
      "id": 162,
      "name": "Glen Gerriet",
      "salary": 2400,
      "role_id": 1
    },
    {
      "id": 163,
      "name": "Kippy Twomey",
      "salary": 9400,
      "role_id": 10
    },
    {
      "id": 164,
      "name": "Toddy Mc Meekin",
      "salary": 9200,
      "role_id": 5
    },
    {
      "id": 165,
      "name": "Odella de Cullip",
      "salary": 9600,
      "role_id": 2
    },
    {
      "id": 166,
      "name": "Vally Crebbin",
      "salary": 6400,
      "role_id": 5
    },
    {
      "id": 167,
      "name": "Concettina Clewley",
      "salary": 9200,
      "role_id": 9
    },
    {
      "id": 168,
      "name": "Wolf Duff",
      "salary": 3200,
      "role_id": 3
    },
    {
      "id": 169,
      "name": "Dilly Shurman",
      "salary": 8000,
      "role_id": 6
    },
    {
      "id": 170,
      "name": "Cherye Cusiter",
      "salary": 9400,
      "role_id": 6
    },
    {
      "id": 171,
      "name": "Maximilian Dorie",
      "salary": 4400,
      "role_id": 10
    },
    {
      "id": 172,
      "name": "Bartholomew Ducaen",
      "salary": 6600,
      "role_id": 9
    },
    {
      "id": 173,
      "name": "Melisa Huntington",
      "salary": 4800,
      "role_id": 5
    },
    {
      "id": 174,
      "name": "Karney Hatry",
      "salary": 3200,
      "role_id": 7
    },
    {
      "id": 175,
      "name": "Stanton Caselick",
      "salary": 8200,
      "role_id": 11
    },
    {
      "id": 176,
      "name": "Cynthia Maghull",
      "salary": 8200,
      "role_id": 5
    },
    {
      "id": 177,
      "name": "Kikelia Le Lievre",
      "salary": 2400,
      "role_id": 7
    },
    {
      "id": 178,
      "name": "Darwin Mitton",
      "salary": 6200,
      "role_id": 5
    },
    {
      "id": 179,
      "name": "Goober Challiss",
      "salary": 9000,
      "role_id": 12
    },
    {
      "id": 180,
      "name": "Yasmin Burnyate",
      "salary": 5400,
      "role_id": 7
    },
    {
      "id": 181,
      "name": "Veronike Barber",
      "salary": 4400,
      "role_id": 9
    },
    {
      "id": 182,
      "name": "Amargo Mousdall",
      "salary": 3600,
      "role_id": 8
    },
    {
      "id": 183,
      "name": "Shayla Lymer",
      "salary": 7000,
      "role_id": 6
    },
    {
      "id": 184,
      "name": "Brandi Meffin",
      "salary": 3600,
      "role_id": 5
    },
    {
      "id": 185,
      "name": "Vin Adamek",
      "salary": 10000,
      "role_id": 8
    },
    {
      "id": 186,
      "name": "Matthieu Ruane",
      "salary": 7200,
      "role_id": 7
    },
    {
      "id": 187,
      "name": "Caresa Cooke",
      "salary": 2200,
      "role_id": 8
    },
    {
      "id": 188,
      "name": "Cathrine Regis",
      "salary": 4000,
      "role_id": 9
    },
    {
      "id": 189,
      "name": "Nefen Pinder",
      "salary": 6800,
      "role_id": 2
    },
    {
      "id": 190,
      "name": "Lodovico Coutthart",
      "salary": 2200,
      "role_id": 6
    },
    {
      "id": 191,
      "name": "Man Essame",
      "salary": 2000,
      "role_id": 12
    },
    {
      "id": 192,
      "name": "Lucian Upward",
      "salary": 3600,
      "role_id": 7
    },
    {
      "id": 193,
      "name": "Brana Middlemist",
      "salary": 4800,
      "role_id": 3
    },
    {
      "id": 194,
      "name": "Fran Carabet",
      "salary": 5200,
      "role_id": 6
    },
    {
      "id": 195,
      "name": "Nataline Isaak",
      "salary": 5400,
      "role_id": 8
    },
    {
      "id": 196,
      "name": "Fayth Rosentholer",
      "salary": 8600,
      "role_id": 7
    },
    {
      "id": 197,
      "name": "Phillipe Dwyer",
      "salary": 6400,
      "role_id": 8
    },
    {
      "id": 198,
      "name": "Francine Mepsted",
      "salary": 4800,
      "role_id": 10
    },
    {
      "id": 199,
      "name": "Carolyn Kennefick",
      "salary": 9000,
      "role_id": 3
    },
    {
      "id": 200,
      "name": "Ray Derricoat",
      "salary": 7600,
      "role_id": 6
    }
  ],
  "roles": [
    {
      "id": 1,
      "name": "Database Administrator"
    },
    {
      "id": 2,
      "name": "Senior QA Analyst"
    },
    {
      "id": 3,
      "name": "Junior QA Analyst"
    },
    {
      "id": 4,
      "name": "Senior Web Designer"
    },
    {
      "id": 5,
      "name": "Junior Web Designer"
    },
    {
      "id": 6,
      "name": "Junior Web Developer"
    },
    {
      "id": 7,
      "name": "Senior Web Developer"
    },
    {
      "id": 8,
      "name": "Data Analyst"
    },
    {
      "id": 9,
      "name": "Junior Devops Engineer"
    },
    {
      "id": 10,
      "name": "Senior Devops Engineer"
    },
    {
      "id": 11,
      "name": "Network Administrator"
    },
    {
      "id": 12,
      "name": "Project Manager"
    }
  ]
}